activation,loss,n_batch,n_epochs,n_neurons,steps_in,steps_out,modelo,RMSE_global,RMSE_t+1,RMSE_t+2,RMSE_t+3
relu,mse,16,500,[50],3,3,../results/models/modelo_0_RMSE_16.9445.keras,16.94447567520369,9.16488304825732,16.14402406358961,22.731501786479335
relu,mse,16,500,[50],5,3,../results/models/modelo_1_RMSE_14.9632.keras,14.963227669337414,7.157906894902251,13.700424965206865,20.802818835675172
relu,mse,16,500,[50],7,3,../results/models/modelo_2_RMSE_12.6416.keras,12.641631277140172,6.803527743579868,12.08581038675028,16.943368070704366
relu,mse,16,500,[50],14,3,../results/models/modelo_3_RMSE_10.2998.keras,10.299752604187521,7.732671815454594,10.813543877825659,11.896544309975743
relu,mse,16,500,[50],30,3,../results/models/modelo_4_RMSE_8.9520.keras,8.952048992989504,6.245805248066218,9.00640956618753,10.967773112531441
relu,mse,16,500,[100],3,3,../results/models/modelo_5_RMSE_15.7132.keras,15.713173999651872,8.286541896303971,14.778490930539926,21.298848340855304
relu,mse,16,500,[100],5,3,../results/models/modelo_6_RMSE_12.7621.keras,12.76205491154368,6.778890453081676,11.996074738008964,17.284414129526912
relu,mse,16,500,[100],7,3,../results/models/modelo_7_RMSE_12.5554.keras,12.555377077074645,7.073481792240326,12.321654722571887,16.46375294017622
relu,mse,16,500,[100],14,3,../results/models/modelo_8_RMSE_9.3027.keras,9.302656868772495,6.3093135449607445,9.476812567679199,11.401791990858852
relu,mse,16,500,[100],30,3,../results/models/modelo_9_RMSE_8.5489.keras,8.548850078346872,6.2855627144235084,8.92796618238223,10.001581584701603
relu,mse,16,500,[150],3,3,../results/models/modelo_10_RMSE_14.9361.keras,14.936115791395286,7.666099035816419,13.905508764777101,20.42377086552981
relu,mse,16,500,[150],5,3,../results/models/modelo_11_RMSE_13.7252.keras,13.72523438829511,8.131510342558702,13.621044996415943,17.705701053485274
relu,mse,16,500,[150],7,3,../results/models/modelo_12_RMSE_12.1494.keras,12.149388857271557,6.665243439233437,11.635795712602224,16.21745161379945
relu,mse,16,500,[150],14,3,../results/models/modelo_13_RMSE_10.4597.keras,10.459653570681333,7.172339350903884,10.434504232018899,12.957304045342738
relu,mse,16,500,[150],30,3,../results/models/modelo_14_RMSE_8.2100.keras,8.209971981523585,5.645032959607273,8.462466782056769,9.936356407644622
relu,mse,16,500,"[50, 50]",3,3,../results/models/modelo_15_RMSE_12.8587.keras,12.85873072256542,7.537149722678069,12.756014630023666,16.628780237975946
relu,mse,16,500,"[50, 50]",5,3,../results/models/modelo_16_RMSE_14.0744.keras,14.074402973593926,7.832639193080163,13.456427954015995,18.75741899032835
relu,mse,16,500,"[50, 50]",7,3,../results/models/modelo_17_RMSE_11.0472.keras,11.047237903634295,6.486763586888951,10.719167055119485,14.461872344573358
relu,mse,16,500,"[50, 50]",14,3,../results/models/modelo_18_RMSE_9.2286.keras,9.22861586846177,6.5981942942249265,9.236550984326566,11.25397754185011
relu,mse,16,500,"[50, 50]",30,3,../results/models/modelo_19_RMSE_8.4131.keras,8.413065610452904,7.160215135745109,8.993158410951256,8.95507900036282
relu,mse,16,500,"[50, 100]",3,3,../results/models/modelo_20_RMSE_17.0105.keras,17.01047915609594,10.280597189184643,15.870306775576434,22.59451012176952
relu,mse,16,500,"[50, 100]",5,3,../results/models/modelo_21_RMSE_12.7600.keras,12.760008838877637,7.865169665404986,11.908136998039968,16.87568831411067
relu,mse,16,500,"[50, 100]",7,3,../results/models/modelo_22_RMSE_13.9715.keras,13.97154703943894,8.572606582956107,14.495228888051269,17.378467593048196
relu,mse,16,500,"[50, 100]",14,3,../results/models/modelo_23_RMSE_9.4000.keras,9.399973974498774,6.79262907817771,9.687905718443425,11.184060316388177
relu,mse,16,500,"[50, 100]",30,3,../results/models/modelo_24_RMSE_8.7912.keras,8.791201921886092,6.07849167062603,9.084077234915945,10.601281691113257
relu,mse,16,500,"[50, 150]",3,3,../results/models/modelo_25_RMSE_12.3010.keras,12.300953975829378,7.707783641682531,11.809853119382863,15.970530572840469
relu,mse,16,500,"[50, 150]",5,3,../results/models/modelo_26_RMSE_12.5233.keras,12.523259514393361,6.717350004198385,11.854336130194092,16.877440873189347
relu,mse,16,500,"[50, 150]",7,3,../results/models/modelo_27_RMSE_11.2525.keras,11.252515391931965,6.885190909101785,11.026150398215135,14.521551620889541
relu,mse,16,500,"[50, 150]",14,3,../results/models/modelo_28_RMSE_8.9939.keras,8.993884564281101,6.344845282895862,9.13176690209524,10.909796068156073
relu,mse,16,500,"[50, 150]",30,3,../results/models/modelo_29_RMSE_8.4493.keras,8.449342113756067,6.434111147606433,8.628019460396152,9.916332003172718
relu,mse,16,500,"[100, 50]",3,3,../results/models/modelo_30_RMSE_12.7328.keras,12.732819198192882,7.453733970632719,12.447468902093515,16.609528049528045
relu,mse,16,500,"[100, 50]",5,3,../results/models/modelo_31_RMSE_13.1235.keras,13.123520377324274,7.456674015563754,12.43292015491437,17.50716625640131
relu,mse,16,500,"[100, 50]",7,3,../results/models/modelo_32_RMSE_11.1900.keras,11.189978637237836,6.688447846120117,10.83240287773842,14.614054160622668
relu,mse,16,500,"[100, 50]",14,3,../results/models/modelo_33_RMSE_10.0683.keras,10.068272142078303,8.791259513342185,9.771099984547105,11.460788500007508
relu,mse,16,500,"[100, 50]",30,3,../results/models/modelo_34_RMSE_8.3464.keras,8.346439209794408,6.6600867857615675,8.632271051495016,9.492959651658996
relu,mse,16,500,"[100, 100]",3,3,../results/models/modelo_35_RMSE_13.4951.keras,13.495105944857604,7.116771713098783,12.565922316739544,18.379412670216027
relu,mse,16,500,"[100, 100]",5,3,../results/models/modelo_36_RMSE_14.9401.keras,14.940056794269074,7.592133726422728,13.954771785575478,20.42644709538538
relu,mse,16,500,"[100, 100]",7,3,../results/models/modelo_37_RMSE_14.2175.keras,14.217479175527348,7.2585333474553675,13.534149301809961,19.24969191025812
relu,mse,16,500,"[100, 100]",14,3,../results/models/modelo_38_RMSE_10.5912.keras,10.591226952608839,8.795241997663554,10.95246476262835,11.798707510186171
relu,mse,16,500,"[100, 100]",30,3,../results/models/modelo_39_RMSE_9.3086.keras,9.308571677679812,6.502853313275015,9.462913193457196,11.318776113813286
relu,mse,16,500,"[100, 150]",3,3,../results/models/modelo_40_RMSE_17.6854.keras,17.68535074369019,10.45088830171176,17.320486085186744,23.00205617461243
relu,mse,16,500,"[100, 150]",5,3,../results/models/modelo_41_RMSE_13.7556.keras,13.755622984551684,7.324704032817862,13.160594460729815,18.4607409209709
relu,mse,16,500,"[100, 150]",7,3,../results/models/modelo_42_RMSE_11.1873.keras,11.187269539955622,6.917673517327139,10.893324844495412,14.454973753654016
relu,mse,16,500,"[100, 150]",14,3,../results/models/modelo_43_RMSE_8.6748.keras,8.674828495488372,6.13072329118343,8.837221792585114,10.49169629726342
relu,mse,16,500,"[100, 150]",30,3,../results/models/modelo_44_RMSE_8.2182.keras,8.218191398316657,5.796385537022606,8.420086293304204,9.905557586405907
relu,mse,16,500,"[150, 50]",3,3,../results/models/modelo_45_RMSE_15.9915.keras,15.991537540302637,8.868300177164784,15.581966478485086,21.11263582170147
relu,mse,16,500,"[150, 50]",5,3,../results/models/modelo_46_RMSE_12.3427.keras,12.342722452041157,6.854241093724154,11.606554353577657,16.593241625761777
relu,mse,16,500,"[150, 50]",7,3,../results/models/modelo_47_RMSE_13.1861.keras,13.186050951259345,7.308346635775712,12.854213655687865,17.40612190618278
relu,mse,16,500,"[150, 50]",14,3,../results/models/modelo_48_RMSE_10.7279.keras,10.727902239832705,7.161748314130165,11.213987395600615,12.969946305925358
relu,mse,16,500,"[150, 50]",30,3,../results/models/modelo_49_RMSE_9.8463.keras,9.846277745694657,8.51187670860664,10.558945719026713,10.339447593378136
relu,mse,16,500,"[150, 100]",3,3,../results/models/modelo_50_RMSE_12.7507.keras,12.75072285853347,7.181383055467379,12.08428627199937,17.033512936338095
relu,mse,16,500,"[150, 100]",5,3,../results/models/modelo_51_RMSE_13.0471.keras,13.047147358489743,7.908789507155948,12.356205437292443,17.18893243646511
relu,mse,16,500,"[150, 100]",7,3,../results/models/modelo_52_RMSE_12.4189.keras,12.418855795349,7.37687537883625,11.797995998429124,16.403442866154364
relu,mse,16,500,"[150, 100]",14,3,../results/models/modelo_53_RMSE_9.4063.keras,9.406291231671418,7.129591386315717,9.651401090762732,11.020631917202046
relu,mse,16,500,"[150, 100]",30,3,../results/models/modelo_54_RMSE_7.8238.keras,7.823751528139343,5.677237812477672,8.764287524894296,8.636521228118646
relu,mse,16,500,"[150, 150]",3,3,../results/models/modelo_55_RMSE_13.4885.keras,13.488529284661478,8.370478402948153,12.954594492954369,17.5480722479253
relu,mse,16,500,"[150, 150]",5,3,../results/models/modelo_56_RMSE_12.9718.keras,12.971832677562544,7.151904815838052,12.10509655149651,17.524902967725044
relu,mse,16,500,"[150, 150]",7,3,../results/models/modelo_57_RMSE_12.2428.keras,12.242790508655075,7.624401759872277,11.98861017698507,15.741648012352174
relu,mse,16,500,"[150, 150]",14,3,../results/models/modelo_58_RMSE_9.6739.keras,9.673928690358462,6.895467990165496,9.94266496437822,11.59097163835504
relu,mse,16,500,"[150, 150]",30,3,../results/models/modelo_59_RMSE_8.1875.keras,8.187495081954287,5.784409663195411,8.412821922308323,9.842269011916764
relu,mse,16,1000,[50],3,3,../results/models/modelo_60_RMSE_14.5496.keras,14.54956584014917,7.7467303209279725,14.02039351469883,19.45472522135209
relu,mse,16,1000,[50],5,3,../results/models/modelo_61_RMSE_17.0973.keras,17.097312985043846,8.776143746812185,15.701269004330348,23.52453584057698
relu,mse,16,1000,[50],7,3,../results/models/modelo_62_RMSE_11.7344.keras,11.734398739617163,6.516494446773549,11.57399743691531,15.383959984231437
relu,mse,16,1000,[50],14,3,../results/models/modelo_63_RMSE_10.4595.keras,10.459515542128567,7.070026712822973,11.00075315685393,12.538044041636853
relu,mse,16,1000,[50],30,3,../results/models/modelo_64_RMSE_8.3110.keras,8.311006205194552,6.2231201989445255,8.507566313027837,9.803701487054257
relu,mse,16,1000,[100],3,3,../results/models/modelo_65_RMSE_15.5176.keras,15.517603556555388,8.041127242861972,14.46266925149255,21.179224046250983
relu,mse,16,1000,[100],5,3,../results/models/modelo_66_RMSE_12.0893.keras,12.089264582784356,6.842153831356293,11.491515373456169,16.111516372687262
relu,mse,16,1000,[100],7,3,../results/models/modelo_67_RMSE_15.3226.keras,15.322559980232995,9.230061785681654,15.025562461865425,19.833833849777832
relu,mse,16,1000,[100],14,3,../results/models/modelo_68_RMSE_9.8254.keras,9.825372164957036,7.648393591393696,9.591738860850072,11.794678276075357
relu,mse,16,1000,[100],30,3,../results/models/modelo_69_RMSE_8.3185.keras,8.318543462224167,6.115781180603877,8.547563443262613,9.855499770844162
relu,mse,16,1000,[150],3,3,../results/models/modelo_70_RMSE_15.2537.keras,15.253681635755678,7.89449048674012,14.744204733114218,20.452624698990412
relu,mse,16,1000,[150],5,3,../results/models/modelo_71_RMSE_12.5531.keras,12.553113886184898,6.904856037710528,11.681429947665789,16.98850088132717
relu,mse,16,1000,[150],7,3,../results/models/modelo_72_RMSE_13.9133.keras,13.913274187951837,7.4307795213261,13.767709772018792,18.32951933975029
relu,mse,16,1000,[150],14,3,../results/models/modelo_73_RMSE_9.8193.keras,9.819274191956172,6.847733367299996,10.038033954969665,11.8996159189989
relu,mse,16,1000,[150],30,3,../results/models/modelo_74_RMSE_8.3064.keras,8.306424294319635,5.9016516005208715,8.413355868919817,10.068565194742101
relu,mse,16,1000,"[50, 50]",3,3,../results/models/modelo_75_RMSE_11.7546.keras,11.75455562275376,6.700604231060951,11.288984012850692,15.561795415745756
relu,mse,16,1000,"[50, 50]",5,3,../results/models/modelo_76_RMSE_11.9115.keras,11.911523414810956,6.864935896621025,11.398784310567223,15.766849449437247
relu,mse,16,1000,"[50, 50]",7,3,../results/models/modelo_77_RMSE_11.7262.keras,11.726245011958662,8.169514160120194,11.225461357839798,14.82438942866441
relu,mse,16,1000,"[50, 50]",14,3,../results/models/modelo_78_RMSE_10.4377.keras,10.437670617089733,7.9748674321685655,10.773599049639898,12.131197660969447
relu,mse,16,1000,"[50, 50]",30,3,../results/models/modelo_79_RMSE_8.1486.keras,8.148583986978585,6.2258606364436355,8.258420016130627,9.603927381612493
relu,mse,16,1000,"[50, 100]",3,3,../results/models/modelo_80_RMSE_11.7690.keras,11.768992629219488,7.716052403927749,11.490881424977339,14.964950447523007
relu,mse,16,1000,"[50, 100]",5,3,../results/models/modelo_81_RMSE_11.9728.keras,11.972794614913653,6.999684053729844,11.45684311035313,15.804701887901281
relu,mse,16,1000,"[50, 100]",7,3,../results/models/modelo_82_RMSE_11.7581.keras,11.758080000294397,6.606680661605781,11.461050028415793,15.48397361021013
relu,mse,16,1000,"[50, 100]",14,3,../results/models/modelo_83_RMSE_9.5411.keras,9.541092029448949,6.977609868647489,9.836994039452273,11.297956458226244
relu,mse,16,1000,"[50, 100]",30,3,../results/models/modelo_84_RMSE_8.3066.keras,8.306622906840719,6.086424261000376,8.407133028849088,9.963709464837564
relu,mse,16,1000,"[50, 150]",3,3,../results/models/modelo_85_RMSE_13.6132.keras,13.613187017172047,7.480152135955599,12.95038111296866,18.228865443173593
relu,mse,16,1000,"[50, 150]",5,3,../results/models/modelo_86_RMSE_12.3304.keras,12.330393911717577,6.675542183936597,11.7424384843913,16.542917428468737
relu,mse,16,1000,"[50, 150]",7,3,../results/models/modelo_87_RMSE_12.5563.keras,12.556305290070947,8.534897129234762,12.064639913515343,15.955638575844697
relu,mse,16,1000,"[50, 150]",14,3,../results/models/modelo_88_RMSE_10.2285.keras,10.228511383362083,6.981101537060816,10.599660820970882,12.360370025542325
relu,mse,16,1000,"[50, 150]",30,3,../results/models/modelo_89_RMSE_8.7528.keras,8.752756748748492,5.955811071202624,9.170793621532534,10.500338610906095
relu,mse,16,1000,"[100, 50]",3,3,../results/models/modelo_90_RMSE_15.0192.keras,15.019171107147951,8.175785404636892,14.259567512025011,20.163029772945603
relu,mse,16,1000,"[100, 50]",5,3,../results/models/modelo_91_RMSE_12.0649.keras,12.0648626041555,8.311209348631488,11.646521122219696,15.230399662660217
relu,mse,16,1000,"[100, 50]",7,3,../results/models/modelo_92_RMSE_11.7702.keras,11.770197330200485,6.87155552763697,11.52992768233661,15.344547169801587
relu,mse,16,1000,"[100, 50]",14,3,../results/models/modelo_93_RMSE_11.1512.keras,11.151239636920772,8.240063850864358,11.750487259671164,12.925859089982469
relu,mse,16,1000,"[100, 50]",30,3,../results/models/modelo_94_RMSE_8.4694.keras,8.469385570341602,6.086433015678406,8.72629704921138,10.09943309161045
relu,mse,16,1000,"[100, 100]",3,3,../results/models/modelo_95_RMSE_16.3244.keras,16.324358189524983,8.028649222236645,15.368569224223634,22.333872986256967
relu,mse,16,1000,"[100, 100]",5,3,../results/models/modelo_96_RMSE_12.5863.keras,12.586257597963629,7.1250324446751385,11.950317080063503,16.782892340569937
relu,mse,16,1000,"[100, 100]",7,3,../results/models/modelo_97_RMSE_12.0092.keras,12.009161460239612,7.0350505503456455,11.745003181962355,15.659592617437053
relu,mse,16,1000,"[100, 100]",14,3,../results/models/modelo_98_RMSE_9.2462.keras,9.246217783704974,6.859036114479298,9.450596665175189,10.959811867160624
relu,mse,16,1000,"[100, 100]",30,3,../results/models/modelo_99_RMSE_8.0929.keras,8.092911310511317,6.47453939029382,8.14949738202387,9.388912212994958
relu,mse,16,1000,"[100, 150]",3,3,../results/models/modelo_100_RMSE_12.3265.keras,12.326488005686741,7.263639338913019,12.066722845579214,16.045580793015546
relu,mse,16,1000,"[100, 150]",5,3,../results/models/modelo_101_RMSE_12.1846.keras,12.184578229156806,7.394338125607186,11.529663065591933,16.055605661121714
relu,mse,16,1000,"[100, 150]",7,3,../results/models/modelo_102_RMSE_13.2403.keras,13.240345169948837,7.562282176136844,12.730199623646957,17.51211370705274
relu,mse,16,1000,"[100, 150]",14,3,../results/models/modelo_103_RMSE_10.1941.keras,10.194132988876772,7.007562636667785,10.649137941131979,12.216831389056585
relu,mse,16,1000,"[100, 150]",30,3,../results/models/modelo_104_RMSE_8.8847.keras,8.884668886433802,7.237808373341352,9.046882026086472,10.128182424381865
relu,mse,16,1000,"[150, 50]",3,3,../results/models/modelo_105_RMSE_11.8974.keras,11.897419609468173,7.498169260647843,11.57951257995779,15.308106553083176
relu,mse,16,1000,"[150, 50]",5,3,../results/models/modelo_106_RMSE_12.7450.keras,12.745033436506338,6.958321628595649,11.82695542891045,17.29197840874716
relu,mse,16,1000,"[150, 50]",7,3,../results/models/modelo_107_RMSE_10.9006.keras,10.900564854443964,7.156842466235512,10.525421442521994,13.944965106037486
relu,mse,16,1000,"[150, 50]",14,3,../results/models/modelo_108_RMSE_10.2109.keras,10.210928371679701,7.252600910477314,10.283038991367164,12.42771353749702
relu,mse,16,1000,"[150, 50]",30,3,../results/models/modelo_109_RMSE_8.4869.keras,8.48694672004378,6.3449962311284835,8.33814051695431,10.31024875709
relu,mse,16,1000,"[150, 100]",3,3,../results/models/modelo_110_RMSE_15.4399.keras,15.439921941901591,8.026305838617407,14.620875870249023,20.90411375992268
relu,mse,16,1000,"[150, 100]",5,3,../results/models/modelo_111_RMSE_14.3716.keras,14.371640432301486,7.804704891369089,13.970655062077517,19.066712481211226
relu,mse,16,1000,"[150, 100]",7,3,../results/models/modelo_112_RMSE_11.3810.keras,11.380955815238572,6.777214537163774,10.958357744787563,14.918519512999563
relu,mse,16,1000,"[150, 100]",14,3,../results/models/modelo_113_RMSE_10.2300.keras,10.230024153227859,7.715521959833709,10.4391771505966,12.060451228401929
relu,mse,16,1000,"[150, 100]",30,3,../results/models/modelo_114_RMSE_8.5782.keras,8.57822660586695,6.489542714427095,8.927492610633049,9.947041075090095
relu,mse,16,1000,"[150, 150]",3,3,../results/models/modelo_115_RMSE_11.5198.keras,11.519837686967652,6.831692606581031,11.269359631454908,14.981638449394017
relu,mse,16,1000,"[150, 150]",5,3,../results/models/modelo_116_RMSE_12.5768.keras,12.576811085793711,6.601862439310943,12.143064605651587,16.83715907089488
relu,mse,16,1000,"[150, 150]",7,3,../results/models/modelo_117_RMSE_11.6182.keras,11.618182602450908,7.120454096376647,11.057590599564769,15.230736178710773
relu,mse,16,1000,"[150, 150]",14,3,../results/models/modelo_118_RMSE_9.9246.keras,9.924604897399242,6.8003593178266595,9.829734600618105,12.354140113269812
relu,mse,16,1000,"[150, 150]",30,3,../results/models/modelo_119_RMSE_7.1604.keras,7.160442875333949,5.459010155916863,7.461431575109482,8.266926483301882
relu,mse,16,1500,[50],3,3,../results/models/modelo_120_RMSE_13.4031.keras,13.403100063896842,7.379124801460318,12.709227196351847,17.970902459378003
relu,mse,16,1500,[50],5,3,../results/models/modelo_121_RMSE_12.5673.keras,12.567292633697527,6.85194526345063,12.142089792633355,16.716190774134823
relu,mse,16,1500,[50],7,3,../results/models/modelo_122_RMSE_11.3182.keras,11.318194961224926,6.708873653053922,11.034638205507244,14.748979134903223
relu,mse,16,1500,[50],14,3,../results/models/modelo_123_RMSE_8.5882.keras,8.588196444061797,6.592169707774633,8.850821603765842,9.97384629757234
relu,mse,16,1500,[50],30,3,../results/models/modelo_124_RMSE_8.7412.keras,8.74116251173673,6.771401095495745,9.210367135774213,9.926783497082225
relu,mse,16,1500,[100],3,3,../results/models/modelo_125_RMSE_13.9314.keras,13.931353495870374,8.077086572783308,13.244502356634387,18.482198475873187
relu,mse,16,1500,[100],5,3,../results/models/modelo_126_RMSE_12.7643.keras,12.764345853282297,7.021115747595182,12.089805629060441,17.126765856314613
relu,mse,16,1500,[100],7,3,../results/models/modelo_127_RMSE_11.9488.keras,11.948803740504719,6.480735303920196,11.410908262858962,16.003530080092894
relu,mse,16,1500,[100],14,3,../results/models/modelo_128_RMSE_8.8219.keras,8.821874452922417,6.092891561118952,8.890151114966908,10.8313568940772
relu,mse,16,1500,[100],30,3,../results/models/modelo_129_RMSE_7.7138.keras,7.713833400659444,5.823052323219527,7.9779351326500745,8.997460189390285
relu,mse,16,1500,[150],3,3,../results/models/modelo_130_RMSE_13.1807.keras,13.180734872744104,7.489282968192123,12.505424416388056,17.570438700984962
relu,mse,16,1500,[150],5,3,../results/models/modelo_131_RMSE_13.4968.keras,13.49675189629471,7.015041834341872,12.508708109843901,18.46099522603163
relu,mse,16,1500,[150],7,3,../results/models/modelo_132_RMSE_15.4934.keras,15.493386440038716,9.000926293455478,15.297275638659139,20.12738815732915
relu,mse,16,1500,[150],14,3,../results/models/modelo_133_RMSE_9.4494.keras,9.449361267018588,6.222323117881805,9.494623668264246,11.790084880042349
relu,mse,16,1500,[150],30,3,../results/models/modelo_134_RMSE_7.7950.keras,7.795033973352199,5.60384747473244,7.8674061860726185,9.433370411492705
relu,mse,16,1500,"[50, 50]",3,3,../results/models/modelo_135_RMSE_12.7494.keras,12.749365760932127,7.229013802564836,12.073934033898786,17.017651374542652
relu,mse,16,1500,"[50, 50]",5,3,../results/models/modelo_136_RMSE_13.2465.keras,13.24653219543171,7.10295495714464,12.381894278474158,17.96242106641781
relu,mse,16,1500,"[50, 50]",7,3,../results/models/modelo_137_RMSE_13.7029.keras,13.702918528002966,8.263588005307438,12.840704793806955,18.169736988523066
relu,mse,16,1500,"[50, 50]",14,3,../results/models/modelo_138_RMSE_9.0458.keras,9.045795117627227,6.198148720566987,9.130967294925743,11.121493453084257
relu,mse,16,1500,"[50, 50]",30,3,../results/models/modelo_139_RMSE_8.9735.keras,8.973512094059561,6.628592398903673,9.167529397770087,10.657857451519853
relu,mse,16,1500,"[50, 100]",3,3,../results/models/modelo_140_RMSE_10.9913.keras,10.99129961011077,6.7052081999187125,10.711087416242112,14.238637249225297
relu,mse,16,1500,"[50, 100]",5,3,../results/models/modelo_141_RMSE_14.2764.keras,14.276433488803375,7.37102819478648,13.211756305722028,19.55932253812888
relu,mse,16,1500,"[50, 100]",7,3,../results/models/modelo_142_RMSE_11.3636.keras,11.363583331943245,6.610021468274675,10.869909395848444,15.01818112625656
relu,mse,16,1500,"[50, 100]",14,3,../results/models/modelo_143_RMSE_8.7501.keras,8.75014129050564,6.603717847350876,8.836878668643095,10.392083708270208
relu,mse,16,1500,"[50, 100]",30,3,../results/models/modelo_144_RMSE_8.9886.keras,8.988570091325293,7.348299070731706,9.453833599047634,9.950412449170344
relu,mse,16,1500,"[50, 150]",3,3,../results/models/modelo_145_RMSE_16.6000.keras,16.600008738448732,9.256266895700428,16.60540675870568,21.569952709341177
relu,mse,16,1500,"[50, 150]",5,3,../results/models/modelo_146_RMSE_12.7587.keras,12.758711546325337,6.79162047735314,12.12430513837195,17.1822372574194
relu,mse,16,1500,"[50, 150]",7,3,../results/models/modelo_147_RMSE_14.3850.keras,14.384989913469678,9.717711802455698,13.38901341014169,18.630195964061485
relu,mse,16,1500,"[50, 150]",14,3,../results/models/modelo_148_RMSE_10.9344.keras,10.934434233169672,8.856870333809688,11.47564676706474,12.188147322959999
relu,mse,16,1500,"[50, 150]",30,3,../results/models/modelo_149_RMSE_9.3870.keras,9.386967839799256,6.226843543500069,9.493830716920858,11.637830273702145
relu,mse,16,1500,"[100, 50]",3,3,../results/models/modelo_150_RMSE_12.6263.keras,12.62627253096972,7.059812441420452,12.046070513997126,16.83209753841556
relu,mse,16,1500,"[100, 50]",5,3,../results/models/modelo_151_RMSE_12.8139.keras,12.813930580074826,6.773423245926747,12.043239484487282,17.368695143382404
relu,mse,16,1500,"[100, 50]",7,3,../results/models/modelo_152_RMSE_11.9622.keras,11.962168644844333,7.2132930772999435,11.646637342836463,15.543637851176106
relu,mse,16,1500,"[100, 50]",14,3,../results/models/modelo_153_RMSE_10.1325.keras,10.132474764715136,7.114497547499852,10.576512576335164,12.063268252924242
relu,mse,16,1500,"[100, 50]",30,3,../results/models/modelo_154_RMSE_7.5175.keras,7.5174775022406655,5.803577456829591,7.4066019737740705,8.999896660226105
relu,mse,16,1500,"[100, 100]",3,3,../results/models/modelo_155_RMSE_11.9303.keras,11.930296045411074,7.05048302555331,11.531932547542736,15.630134740902358
relu,mse,16,1500,"[100, 100]",5,3,../results/models/modelo_156_RMSE_14.5533.keras,14.553319763610796,7.133550915138434,13.224125487201961,20.239375110550647
relu,mse,16,1500,"[100, 100]",7,3,../results/models/modelo_157_RMSE_11.4140.keras,11.414045963797577,6.9168040930409465,11.062855944953737,14.853025795128255
relu,mse,16,1500,"[100, 100]",14,3,../results/models/modelo_158_RMSE_9.3579.keras,9.357899108293399,6.291416889662871,9.954216563274985,11.137435669618103
relu,mse,16,1500,"[100, 100]",30,3,../results/models/modelo_159_RMSE_8.2822.keras,8.282152852430848,6.161397845531405,8.611353053593596,9.678013369929296
relu,mse,16,1500,"[100, 150]",3,3,../results/models/modelo_160_RMSE_11.5503.keras,11.550283742519852,7.0922468740574525,11.219360950439288,14.968404649104585
relu,mse,16,1500,"[100, 150]",5,3,../results/models/modelo_161_RMSE_12.4645.keras,12.464462565857609,7.8219572638402965,12.185674474040368,16.01295735778914
relu,mse,16,1500,"[100, 150]",7,3,../results/models/modelo_162_RMSE_12.2711.keras,12.271108882646512,7.574275921128748,11.79201596968204,15.978705932292243
relu,mse,16,1500,"[100, 150]",14,3,../results/models/modelo_163_RMSE_9.1465.keras,9.146514403163428,6.543080702162481,9.051944071659223,11.235060330517605
relu,mse,16,1500,"[100, 150]",30,3,../results/models/modelo_164_RMSE_7.3827.keras,7.382655310847905,5.670241230864371,7.5816411155883525,8.595224295770192
relu,mse,16,1500,"[150, 50]",3,3,../results/models/modelo_165_RMSE_12.2163.keras,12.21634138917484,7.1778836995629165,11.680550666069882,16.117062776558324
relu,mse,16,1500,"[150, 50]",5,3,../results/models/modelo_166_RMSE_16.1701.keras,16.170059569753548,10.157272541813798,15.240011763433367,21.189250468807582
relu,mse,16,1500,"[150, 50]",7,3,../results/models/modelo_167_RMSE_12.6336.keras,12.633630508425433,7.090369282756068,12.154469363737533,16.757726498256527
relu,mse,16,1500,"[150, 50]",14,3,../results/models/modelo_168_RMSE_10.5162.keras,10.516168390566065,7.530861798839458,10.942244766689573,12.462856530059936
relu,mse,16,1500,"[150, 50]",30,3,../results/models/modelo_169_RMSE_8.1743.keras,8.174258101054036,5.258489152091667,8.52589266898186,10.005645033793591
relu,mse,16,1500,"[150, 100]",3,3,../results/models/modelo_170_RMSE_11.2213.keras,11.221289997745703,7.089566247544719,10.8889781923741,14.45407388898366
relu,mse,16,1500,"[150, 100]",5,3,../results/models/modelo_171_RMSE_11.6520.keras,11.652046258987554,6.713710934777652,11.243611059843712,15.356361609572918
relu,mse,16,1500,"[150, 100]",7,3,../results/models/modelo_172_RMSE_12.4355.keras,12.435460906514942,8.60356414947139,12.509379151389108,15.277963903776799
relu,mse,16,1500,"[150, 100]",14,3,../results/models/modelo_173_RMSE_9.7494.keras,9.749428362806873,7.842717014225817,9.781868886033246,11.311979982997517
relu,mse,16,1500,"[150, 100]",30,3,../results/models/modelo_174_RMSE_8.2786.keras,8.278590110194308,6.202260558186281,8.982009334913249,9.298421097891774
relu,mse,16,1500,"[150, 150]",3,3,../results/models/modelo_175_RMSE_12.2200.keras,12.220022239760311,7.122346305258852,11.683482754210697,16.147917650915144
relu,mse,16,1500,"[150, 150]",5,3,../results/models/modelo_176_RMSE_13.8039.keras,13.803915741834196,7.455110630296597,13.259344504620676,18.44601252902094
relu,mse,16,1500,"[150, 150]",7,3,../results/models/modelo_177_RMSE_12.2327.keras,12.232702464794816,7.4717608254025105,12.012604374098524,15.772988147334695
relu,mse,16,1500,"[150, 150]",14,3,../results/models/modelo_178_RMSE_9.4711.keras,9.471075958450218,6.648210661256457,9.955764452628165,11.21551998792488
relu,mse,16,1500,"[150, 150]",30,3,../results/models/modelo_179_RMSE_8.3343.keras,8.334297385452565,7.353319070840748,8.424706023300152,9.128776795982263
relu,mse,32,500,[50],3,3,../results/models/modelo_180_RMSE_15.3170.keras,15.316993202539491,7.954628385866994,14.73437727838806,20.57797015647568
relu,mse,32,500,[50],5,3,../results/models/modelo_181_RMSE_14.5543.keras,14.554276048552694,7.509290032369055,13.959773000750431,19.6014324698402
relu,mse,32,500,[50],7,3,../results/models/modelo_182_RMSE_13.2246.keras,13.224556301598248,7.099828233361495,12.605956203008246,17.758067895664407
relu,mse,32,500,[50],14,3,../results/models/modelo_183_RMSE_9.5077.keras,9.507678774123114,6.670415147692397,9.656600738867805,11.551774363415655
relu,mse,32,500,[50],30,3,../results/models/modelo_184_RMSE_8.2738.keras,8.273848923416224,5.837130717522281,8.585683585855017,9.878444734505775
relu,mse,32,500,[100],3,3,../results/models/modelo_185_RMSE_17.3053.keras,17.305274001564186,9.096385342880916,17.11989587124975,22.860062639000503
relu,mse,32,500,[100],5,3,../results/models/modelo_186_RMSE_13.5007.keras,13.500696814219898,7.306362317228227,12.788665723817985,18.162421151991055
relu,mse,32,500,[100],7,3,../results/models/modelo_187_RMSE_14.3875.keras,14.387508945810062,7.42841969182946,13.163101142562105,19.812939968364475
relu,mse,32,500,[100],14,3,../results/models/modelo_188_RMSE_9.5652.keras,9.565164492460111,6.541975364096766,9.814794229436892,11.63397988105627
relu,mse,32,500,[100],30,3,../results/models/modelo_189_RMSE_9.9727.keras,9.972709833558769,7.298308842790553,10.771645812126058,11.36094885150143
relu,mse,32,500,[150],3,3,../results/models/modelo_190_RMSE_15.5926.keras,15.592602264102199,8.371348774927714,15.189468291843232,20.7023744724865
relu,mse,32,500,[150],5,3,../results/models/modelo_191_RMSE_15.6230.keras,15.623031237578562,8.558144584682976,14.376960702230733,21.26731006463302
relu,mse,32,500,[150],7,3,../results/models/modelo_192_RMSE_12.5274.keras,12.527409947202624,6.7805099539645575,12.036614930563465,16.73178369849844
relu,mse,32,500,[150],14,3,../results/models/modelo_193_RMSE_10.1117.keras,10.111731221444566,7.32817266021487,10.183089353262634,12.220634253988582
relu,mse,32,500,[150],30,3,../results/models/modelo_194_RMSE_8.1196.keras,8.119586376646444,5.9011764732467915,8.187745799392951,9.793874807224633
relu,mse,32,500,"[50, 50]",3,3,../results/models/modelo_195_RMSE_16.0676.keras,16.06764611070089,7.842619352046035,14.650306575170925,22.324193010466942
relu,mse,32,500,"[50, 50]",5,3,../results/models/modelo_196_RMSE_16.3263.keras,16.326304106443498,8.753064337452178,15.895063491160968,21.688140506843965
relu,mse,32,500,"[50, 50]",7,3,../results/models/modelo_197_RMSE_12.6396.keras,12.639628376376848,7.63487990791021,12.802196917291225,16.034119226244414
relu,mse,32,500,"[50, 50]",14,3,../results/models/modelo_198_RMSE_9.0107.keras,9.010680405987493,6.632606907049907,9.145715357411994,10.767613493912805
relu,mse,32,500,"[50, 50]",30,3,../results/models/modelo_199_RMSE_9.2561.keras,9.25611128355197,7.8611123461905565,9.664815773129778,10.090641061524598
relu,mse,32,500,"[50, 100]",3,3,../results/models/modelo_200_RMSE_13.3038.keras,13.303802932095131,7.550493341456527,12.749133916801933,17.64718538578149
relu,mse,32,500,"[50, 100]",5,3,../results/models/modelo_201_RMSE_13.1248.keras,13.124751090277748,7.326666428072877,12.425568990976183,17.569930786644605
relu,mse,32,500,"[50, 100]",7,3,../results/models/modelo_202_RMSE_12.6267.keras,12.62674476513593,8.607908845031961,12.75970525231512,15.536984175872902
relu,mse,32,500,"[50, 100]",14,3,../results/models/modelo_203_RMSE_10.7704.keras,10.770413495970113,7.443591168623837,10.704258174837259,13.342309697475187
relu,mse,32,500,"[50, 100]",30,3,../results/models/modelo_204_RMSE_8.9479.keras,8.947864088673123,6.138280348627326,8.970529204772674,11.047349700089821
relu,mse,32,500,"[50, 150]",3,3,../results/models/modelo_205_RMSE_14.4602.keras,14.46021676734001,7.859357077855181,13.797599520048514,19.36879863808048
relu,mse,32,500,"[50, 150]",5,3,../results/models/modelo_206_RMSE_14.9523.keras,14.95231266659382,7.781950967309089,14.097957461876597,20.2830914010725
relu,mse,32,500,"[50, 150]",7,3,../results/models/modelo_207_RMSE_15.2332.keras,15.233228037740982,8.535885534175051,14.809213533294756,20.099242822111343
relu,mse,32,500,"[50, 150]",14,3,../results/models/modelo_208_RMSE_9.0452.keras,9.045204251477243,6.253466247660768,9.013144467308075,11.185014374314738
relu,mse,32,500,"[50, 150]",30,3,../results/models/modelo_209_RMSE_7.5993.keras,7.599324540078429,5.870044516384868,7.915073236991172,8.72601818844316
relu,mse,32,500,"[100, 50]",3,3,../results/models/modelo_210_RMSE_15.6957.keras,15.695730043582893,8.216495642496309,15.114310121938423,21.05028868442903
relu,mse,32,500,"[100, 50]",5,3,../results/models/modelo_211_RMSE_19.1637.keras,19.163749396962423,12.521464046705372,19.144117031066216,24.051270113585232
relu,mse,32,500,"[100, 50]",7,3,../results/models/modelo_212_RMSE_11.5876.keras,11.587632927612058,6.538583998602521,11.17183555673786,15.338080720274741
relu,mse,32,500,"[100, 50]",14,3,../results/models/modelo_213_RMSE_9.1669.keras,9.166859124740228,6.773220591106777,9.365251223842304,10.886205536229186
relu,mse,32,500,"[100, 50]",30,3,../results/models/modelo_214_RMSE_9.2718.keras,9.271801137325829,6.648553454268106,9.658337158369884,10.973246980330874
relu,mse,32,500,"[100, 100]",3,3,../results/models/modelo_215_RMSE_13.6447.keras,13.644739987768213,7.4619081085785135,13.083092039102159,18.212342465397324
relu,mse,32,500,"[100, 100]",5,3,../results/models/modelo_216_RMSE_12.6129.keras,12.612873824172345,7.059348404595578,11.973752839606146,16.853741464494867
relu,mse,32,500,"[100, 100]",7,3,../results/models/modelo_217_RMSE_11.7533.keras,11.753264983022241,7.077842544070306,11.39654124496372,15.311456686305178
relu,mse,32,500,"[100, 100]",14,3,../results/models/modelo_218_RMSE_9.3620.keras,9.362046727581076,6.770130932375056,9.594250698382634,11.182997696651698
relu,mse,32,500,"[100, 100]",30,3,../results/models/modelo_219_RMSE_7.8943.keras,7.894333682207242,5.746003616965523,8.057906514673961,9.43478128483588
relu,mse,32,500,"[100, 150]",3,3,../results/models/modelo_220_RMSE_12.9860.keras,12.98596460946053,7.079878789495946,12.594629056189639,17.23822687452261
relu,mse,32,500,"[100, 150]",5,3,../results/models/modelo_221_RMSE_13.2396.keras,13.239598924011865,7.335389575474447,12.57167008846808,17.720217548575018
relu,mse,32,500,"[100, 150]",7,3,../results/models/modelo_222_RMSE_12.8473.keras,12.847252108132498,7.38811058427413,12.278124041347395,17.024075663881682
relu,mse,32,500,"[100, 150]",14,3,../results/models/modelo_223_RMSE_9.4863.keras,9.486316042065878,6.497040484811655,9.624270830496789,11.624648470807038
relu,mse,32,500,"[100, 150]",30,3,../results/models/modelo_224_RMSE_8.3217.keras,8.321749695534102,6.592947131512453,8.847380372393278,9.274236499714561
relu,mse,32,500,"[150, 50]",3,3,../results/models/modelo_225_RMSE_16.4390.keras,16.43904475406347,9.002007299297302,15.775426860910162,21.927752945018707
relu,mse,32,500,"[150, 50]",5,3,../results/models/modelo_226_RMSE_18.9799.keras,18.979872907385584,9.94291431279387,17.863688716934675,25.743616823096705
relu,mse,32,500,"[150, 50]",7,3,../results/models/modelo_227_RMSE_15.6743.keras,15.674256335812245,10.497717472613594,15.569887540174456,19.6067198912453
relu,mse,32,500,"[150, 50]",14,3,../results/models/modelo_228_RMSE_10.4688.keras,10.468792135811833,8.034145091430211,10.73548574176001,12.206092121839099
relu,mse,32,500,"[150, 50]",30,3,../results/models/modelo_229_RMSE_8.7799.keras,8.779928342498673,7.266504042814245,8.918948201370066,9.945436494959711
relu,mse,32,500,"[150, 100]",3,3,../results/models/modelo_230_RMSE_13.8912.keras,13.891201996594434,7.963086669294909,13.080268656442922,18.557809711901406
relu,mse,32,500,"[150, 100]",5,3,../results/models/modelo_231_RMSE_16.5588.keras,16.558802318488375,9.87463926816242,15.645274899606775,21.91571754033454
relu,mse,32,500,"[150, 100]",7,3,../results/models/modelo_232_RMSE_13.4117.keras,13.411696452930288,9.058452222182824,12.655475971704611,17.245410302589697
relu,mse,32,500,"[150, 100]",14,3,../results/models/modelo_233_RMSE_8.8870.keras,8.88700601869156,6.352855334763825,8.98469143861683,10.763511359086698
relu,mse,32,500,"[150, 100]",30,3,../results/models/modelo_234_RMSE_8.5586.keras,8.55863483336939,7.20756693674748,8.649697079254407,9.64284241924207
relu,mse,32,500,"[150, 150]",3,3,../results/models/modelo_235_RMSE_14.6802.keras,14.680228172063638,7.8856515516008585,14.066770924815552,19.65883396610927
relu,mse,32,500,"[150, 150]",5,3,../results/models/modelo_236_RMSE_13.1204.keras,13.12036163405716,6.865262669831871,12.154008751292176,17.932649217922133
relu,mse,32,500,"[150, 150]",7,3,../results/models/modelo_237_RMSE_13.0379.keras,13.037901475192283,8.46946549137168,12.442479534142494,16.834888831333956
relu,mse,32,500,"[150, 150]",14,3,../results/models/modelo_238_RMSE_10.1449.keras,10.144941519404917,7.861395443898711,10.636427279791064,11.568249292473022
relu,mse,32,500,"[150, 150]",30,3,../results/models/modelo_239_RMSE_7.8478.keras,7.847763274540706,5.657019621151526,7.879356069301569,9.522396871521194
relu,mse,32,1000,[50],3,3,../results/models/modelo_240_RMSE_13.9335.keras,13.933470968319357,7.646447643230234,13.48044319984976,18.499576461366853
relu,mse,32,1000,[50],5,3,../results/models/modelo_241_RMSE_13.7054.keras,13.705352294030433,7.114150344440643,12.73832194183031,18.725225325571802
relu,mse,32,1000,[50],7,3,../results/models/modelo_242_RMSE_11.8282.keras,11.828182669854037,6.664131207702972,11.37815284541028,15.679435859982554
relu,mse,32,1000,[50],14,3,../results/models/modelo_243_RMSE_10.6108.keras,10.610761414748037,7.077408847175589,10.414489263083285,13.387063561556758
relu,mse,32,1000,[50],30,3,../results/models/modelo_244_RMSE_7.7295.keras,7.729523129931537,5.5795643581481436,7.86691953252313,9.285290630374938
relu,mse,32,1000,[100],3,3,../results/models/modelo_245_RMSE_13.8520.keras,13.85195873742475,7.516868529608986,13.482672391914164,18.366940825048772
relu,mse,32,1000,[100],5,3,../results/models/modelo_246_RMSE_14.6041.keras,14.604146341773342,7.376602646061342,13.586460870658474,20.02091620101293
relu,mse,32,1000,[100],7,3,../results/models/modelo_247_RMSE_11.3007.keras,11.300684167427342,6.609086827295088,10.947082993814533,14.818830358420342
relu,mse,32,1000,[100],14,3,../results/models/modelo_248_RMSE_10.3200.keras,10.319966612377094,7.373514306293115,10.716072262074993,12.259780368775425
relu,mse,32,1000,[100],30,3,../results/models/modelo_249_RMSE_7.4995.keras,7.499545807638165,5.958396262563339,7.705357530959412,8.593866490756518
relu,mse,32,1000,[150],3,3,../results/models/modelo_250_RMSE_13.3733.keras,13.373250684488239,7.338174981919728,12.96118279622288,17.73951606070806
relu,mse,32,1000,[150],5,3,../results/models/modelo_251_RMSE_12.8734.keras,12.873378150041079,7.002686541560136,12.251544164576202,17.26365088172131
relu,mse,32,1000,[150],7,3,../results/models/modelo_252_RMSE_11.2846.keras,11.284633635227456,6.472549894312473,10.955196845431002,14.836395410860906
relu,mse,32,1000,[150],14,3,../results/models/modelo_253_RMSE_9.3738.keras,9.373807866918979,6.644796873931641,9.438952331753832,11.417428570427042
relu,mse,32,1000,[150],30,3,../results/models/modelo_254_RMSE_7.6521.keras,7.652142397625349,5.866505715941032,7.971799101101277,8.814781880291664
relu,mse,32,1000,"[50, 50]",3,3,../results/models/modelo_255_RMSE_12.7297.keras,12.729712335543438,7.139350075389592,12.198185346248092,16.922490454914534
relu,mse,32,1000,"[50, 50]",5,3,../results/models/modelo_256_RMSE_15.9787.keras,15.9786765958865,9.410843594578289,15.05007529705373,21.234066347715654
relu,mse,32,1000,"[50, 50]",7,3,../results/models/modelo_257_RMSE_11.8465.keras,11.84652086041044,6.729660177480014,11.639616897570177,15.500037479369444
relu,mse,32,1000,"[50, 50]",14,3,../results/models/modelo_258_RMSE_9.0696.keras,9.06964485718317,6.546692347175052,9.25514791940781,10.874669181524938
relu,mse,32,1000,"[50, 50]",30,3,../results/models/modelo_259_RMSE_8.3334.keras,8.333432769627597,6.52184133284798,8.389671257760837,9.768178284284474
relu,mse,32,1000,"[50, 100]",3,3,../results/models/modelo_260_RMSE_12.0363.keras,12.036254440582617,7.275676090065889,11.81495834120041,15.559098936104133
relu,mse,32,1000,"[50, 100]",5,3,../results/models/modelo_261_RMSE_12.3989.keras,12.398931636319451,7.459741113314187,11.526069714274593,16.513706326272796
relu,mse,32,1000,"[50, 100]",7,3,../results/models/modelo_262_RMSE_12.0760.keras,12.07596961232732,7.398778749387799,11.621177012490307,15.738279578643056
relu,mse,32,1000,"[50, 100]",14,3,../results/models/modelo_263_RMSE_9.6030.keras,9.60296558424315,7.141899322493442,9.874386309978222,11.319921073274205
relu,mse,32,1000,"[50, 100]",30,3,../results/models/modelo_264_RMSE_8.9818.keras,8.981848194062763,7.706624879481617,9.197589206585029,9.901165421172964
relu,mse,32,1000,"[50, 150]",3,3,../results/models/modelo_265_RMSE_15.9842.keras,15.984249016942027,8.239626841741376,14.735364125946123,21.94233906153745
relu,mse,32,1000,"[50, 150]",5,3,../results/models/modelo_266_RMSE_12.5230.keras,12.522962971326285,7.023157596734168,12.141276662191848,16.545043461024157
relu,mse,32,1000,"[50, 150]",7,3,../results/models/modelo_267_RMSE_12.3133.keras,12.313256698206558,6.864643547387643,11.85409595600837,16.3464353784194
relu,mse,32,1000,"[50, 150]",14,3,../results/models/modelo_268_RMSE_9.9405.keras,9.940500544605204,7.178730934107999,10.22020038345999,11.851328175757107
relu,mse,32,1000,"[50, 150]",30,3,../results/models/modelo_269_RMSE_7.9629.keras,7.9628721512841985,6.616676784921422,8.213591748337706,8.886984730976696
relu,mse,32,1000,"[100, 50]",3,3,../results/models/modelo_270_RMSE_13.0697.keras,13.069742438401091,7.177238231922926,12.558586875931004,17.41331815767302
relu,mse,32,1000,"[100, 50]",5,3,../results/models/modelo_271_RMSE_16.4823.keras,16.48230132192908,9.767246862979926,15.730768564280897,21.728842115843076
relu,mse,32,1000,"[100, 50]",7,3,../results/models/modelo_272_RMSE_15.5494.keras,15.549376995694887,9.697222323316291,15.56494662508421,19.724241192836597
relu,mse,32,1000,"[100, 50]",14,3,../results/models/modelo_273_RMSE_9.4010.keras,9.40097790148358,6.519523546610914,9.524363156789354,11.48553332219828
relu,mse,32,1000,"[100, 50]",30,3,../results/models/modelo_274_RMSE_7.9208.keras,7.9207737978600585,5.483434278689714,8.081596541482911,9.635129398330955
relu,mse,32,1000,"[100, 100]",3,3,../results/models/modelo_275_RMSE_13.0039.keras,13.00391821389852,7.676835753492138,12.983500574838951,16.727240429262267
relu,mse,32,1000,"[100, 100]",5,3,../results/models/modelo_276_RMSE_12.6594.keras,12.659387069370291,7.907621728071846,11.686481524594793,16.783203243047783
relu,mse,32,1000,"[100, 100]",7,3,../results/models/modelo_277_RMSE_12.1274.keras,12.12740823211564,7.087903568957387,11.961733464262368,15.744860965161477
relu,mse,32,1000,"[100, 100]",14,3,../results/models/modelo_278_RMSE_9.7344.keras,9.734380775382615,7.333079971705212,9.88220988107317,11.525726581669883
relu,mse,32,1000,"[100, 100]",30,3,../results/models/modelo_279_RMSE_7.8569.keras,7.856869721391715,5.848590271917127,8.12152438632638,9.220956508427312
relu,mse,32,1000,"[100, 150]",3,3,../results/models/modelo_280_RMSE_13.0822.keras,13.082203760078924,7.495189922647337,12.416064087767936,17.4096423355724
relu,mse,32,1000,"[100, 150]",5,3,../results/models/modelo_281_RMSE_14.0524.keras,14.052436666910099,7.424909203249685,13.142093138122089,19.09369110740457
relu,mse,32,1000,"[100, 150]",7,3,../results/models/modelo_282_RMSE_11.1828.keras,11.182784826267891,6.6399204425996,10.729120608212153,14.69562713538308
relu,mse,32,1000,"[100, 150]",14,3,../results/models/modelo_283_RMSE_10.1826.keras,10.182603607389188,6.785389725089104,10.367434385637603,12.551136968968192
relu,mse,32,1000,"[100, 150]",30,3,../results/models/modelo_284_RMSE_7.6968.keras,7.6968253705975425,6.025871374428231,7.802241847671072,8.974255327642442
relu,mse,32,1000,"[150, 50]",3,3,../results/models/modelo_285_RMSE_12.7822.keras,12.782157345142979,7.140091270745576,12.340155433589876,16.937836334911353
relu,mse,32,1000,"[150, 50]",5,3,../results/models/modelo_286_RMSE_13.5036.keras,13.50364419730365,7.845019662663376,12.955736678130151,17.822731929799527
relu,mse,32,1000,"[150, 50]",7,3,../results/models/modelo_287_RMSE_10.8018.keras,10.801756514511013,6.358030604955873,10.48183238260827,14.132956807607261
relu,mse,32,1000,"[150, 50]",14,3,../results/models/modelo_288_RMSE_9.2802.keras,9.280186038487791,6.906841630485621,9.470556204730617,10.99862094042976
relu,mse,32,1000,"[150, 50]",30,3,../results/models/modelo_289_RMSE_7.4766.keras,7.476584458339077,5.7149095852863905,7.6486002717056385,8.748523749964816
relu,mse,32,1000,"[150, 100]",3,3,../results/models/modelo_290_RMSE_13.4505.keras,13.450506154212796,7.304238559977784,12.941872739423435,17.941693801563183
relu,mse,32,1000,"[150, 100]",5,3,../results/models/modelo_291_RMSE_12.1775.keras,12.177507383953913,6.660677530366771,11.401286424445725,16.447525679048894
relu,mse,32,1000,"[150, 100]",7,3,../results/models/modelo_292_RMSE_11.8104.keras,11.810443564785665,6.689933965755764,11.49282972817141,15.544110780744205
relu,mse,32,1000,"[150, 100]",14,3,../results/models/modelo_293_RMSE_9.9082.keras,9.908160336821107,8.82318704826983,9.953212103814545,10.84434704849434
relu,mse,32,1000,"[150, 100]",30,3,../results/models/modelo_294_RMSE_8.7875.keras,8.787473772682258,5.741075082091558,9.340470747479527,10.557213128188815
relu,mse,32,1000,"[150, 150]",3,3,../results/models/modelo_295_RMSE_15.0063.keras,15.006298256206064,7.723775151213226,13.822370133714692,20.61194661750153
relu,mse,32,1000,"[150, 150]",5,3,../results/models/modelo_296_RMSE_11.9800.keras,11.979979760984637,6.757242760579422,11.339671409346694,16.00972416450224
relu,mse,32,1000,"[150, 150]",7,3,../results/models/modelo_297_RMSE_13.0801.keras,13.080119097846577,7.913167328011189,12.7164058555837,16.998333794714288
relu,mse,32,1000,"[150, 150]",14,3,../results/models/modelo_298_RMSE_10.4603.keras,10.460338008069593,7.337187375117926,10.771684335644059,12.585408683266781
relu,mse,32,1000,"[150, 150]",30,3,../results/models/modelo_299_RMSE_8.6343.keras,8.634336258280388,5.823691767002922,8.952423917834606,10.468715683477685
relu,mse,32,1500,[50],3,3,../results/models/modelo_300_RMSE_12.5984.keras,12.598411734378962,7.17223286227849,12.114198302835891,16.672288683190242
relu,mse,32,1500,[50],5,3,../results/models/modelo_301_RMSE_12.9204.keras,12.92037405026476,7.050835717678205,12.726587082822814,17.003761163398707
relu,mse,32,1500,[50],7,3,../results/models/modelo_302_RMSE_11.7132.keras,11.713225158408742,6.771855775989424,11.145868760002356,15.540608410507641
relu,mse,32,1500,[50],14,3,../results/models/modelo_303_RMSE_9.0920.keras,9.092034717347397,6.045513897340978,9.137780674916813,11.311410697102502
relu,mse,32,1500,[50],30,3,../results/models/modelo_304_RMSE_9.0933.keras,9.093286518911334,6.496156491610531,9.205968620192527,11.005165684603783
relu,mse,32,1500,[100],3,3,../results/models/modelo_305_RMSE_13.9621.keras,13.962123777173842,7.634661684542011,13.448300072965152,18.592414238539366
relu,mse,32,1500,[100],5,3,../results/models/modelo_306_RMSE_13.1314.keras,13.131372781668684,7.842007501422775,12.224432448322379,17.503286064550252
relu,mse,32,1500,[100],7,3,../results/models/modelo_307_RMSE_11.7371.keras,11.737146051037557,7.15744258018521,11.422678191903746,15.217596094840921
relu,mse,32,1500,[100],14,3,../results/models/modelo_308_RMSE_9.1720.keras,9.172008996673416,6.036674945663376,9.154875041709554,11.494523290517867
relu,mse,32,1500,[100],30,3,../results/models/modelo_309_RMSE_7.7085.keras,7.708503756969783,5.695701069638447,8.104553369617403,8.951999470397343
relu,mse,32,1500,[150],3,3,../results/models/modelo_310_RMSE_13.0951.keras,13.095071614703079,7.552666735022247,12.576723343573429,17.298148944656212
relu,mse,32,1500,[150],5,3,../results/models/modelo_311_RMSE_12.1569.keras,12.15692734918284,6.720894846557482,11.530595457401333,16.286423443445223
relu,mse,32,1500,[150],7,3,../results/models/modelo_312_RMSE_13.2573.keras,13.257292555104563,8.11576742960558,12.286263754251861,17.619576035319437
relu,mse,32,1500,[150],14,3,../results/models/modelo_313_RMSE_9.4675.keras,9.467453011747045,6.880268909065022,9.297027572193548,11.624335578850982
relu,mse,32,1500,[150],30,3,../results/models/modelo_314_RMSE_8.5666.keras,8.566630531965842,6.4654278435126145,8.682429501344224,10.147666567647324
relu,mse,32,1500,"[50, 50]",3,3,../results/models/modelo_315_RMSE_13.4994.keras,13.499388622568269,7.608160878818737,12.898742754601038,17.956581048240118
relu,mse,32,1500,"[50, 50]",5,3,../results/models/modelo_316_RMSE_13.5420.keras,13.542015005251862,7.3379100629326635,12.75971491663815,18.26207168866209
relu,mse,32,1500,"[50, 50]",7,3,../results/models/modelo_317_RMSE_11.0391.keras,11.039123988400695,6.92687121011829,11.008705832593503,14.01476458681013
relu,mse,32,1500,"[50, 50]",14,3,../results/models/modelo_318_RMSE_8.9418.keras,8.941824975455422,6.10673307171529,9.040764263282965,10.992774645265834
relu,mse,32,1500,"[50, 50]",30,3,../results/models/modelo_319_RMSE_8.4180.keras,8.417961263871625,6.66779043831755,8.845108626247761,9.481077975667533
relu,mse,32,1500,"[50, 100]",3,3,../results/models/modelo_320_RMSE_11.1273.keras,11.127265804185297,6.633000703566006,10.826512937324612,14.499587998126358
relu,mse,32,1500,"[50, 100]",5,3,../results/models/modelo_321_RMSE_12.4400.keras,12.439963578443516,6.802638286750506,11.890953663749853,16.630917437267062
relu,mse,32,1500,"[50, 100]",7,3,../results/models/modelo_322_RMSE_12.5545.keras,12.55452448410916,7.362550853381172,11.838437549412417,16.688094450425663
relu,mse,32,1500,"[50, 100]",14,3,../results/models/modelo_323_RMSE_9.0978.keras,9.097754348997492,6.906608411162547,9.16722453335677,10.796673431848776
relu,mse,32,1500,"[50, 100]",30,3,../results/models/modelo_324_RMSE_9.5876.keras,9.587586985286379,6.786101615204274,10.444711739840745,10.982818132931701
relu,mse,32,1500,"[50, 150]",3,3,../results/models/modelo_325_RMSE_14.0095.keras,14.009515298124105,7.555908675404733,13.228952417542029,18.886572444159164
relu,mse,32,1500,"[50, 150]",5,3,../results/models/modelo_326_RMSE_12.3298.keras,12.329812633644304,8.549521943646152,11.590700917204275,15.768137668264995
relu,mse,32,1500,"[50, 150]",7,3,../results/models/modelo_327_RMSE_11.7903.keras,11.790345759031418,6.74923123930885,11.310304671133288,15.606461651412486
relu,mse,32,1500,"[50, 150]",14,3,../results/models/modelo_328_RMSE_9.5589.keras,9.558872974563736,6.956509190807429,9.8436786093972,11.350115811948466
relu,mse,32,1500,"[50, 150]",30,3,../results/models/modelo_329_RMSE_8.1571.keras,8.157142477483104,6.042709800502947,8.559776483159077,9.478016934946885
relu,mse,32,1500,"[100, 50]",3,3,../results/models/modelo_330_RMSE_12.7858.keras,12.785755763120678,7.251423028890493,12.304407865996954,16.92468795652641
relu,mse,32,1500,"[100, 50]",5,3,../results/models/modelo_331_RMSE_15.1565.keras,15.156482162089834,7.570534915565496,13.921107916907099,20.929563063935962
relu,mse,32,1500,"[100, 50]",7,3,../results/models/modelo_332_RMSE_11.0949.keras,11.094885737666006,6.655111293852836,10.907317324999996,14.353723943067205
relu,mse,32,1500,"[100, 50]",14,3,../results/models/modelo_333_RMSE_9.8064.keras,9.806370889005114,6.965978447189142,10.145537687695636,11.706320486772285
relu,mse,32,1500,"[100, 50]",30,3,../results/models/modelo_334_RMSE_7.3343.keras,7.334261263883569,5.702970005756437,7.32107199351082,8.67480275510532
relu,mse,32,1500,"[100, 100]",3,3,../results/models/modelo_335_RMSE_12.1713.keras,12.171274482526288,6.89200293065355,11.791722353774722,16.058497660813075
relu,mse,32,1500,"[100, 100]",5,3,../results/models/modelo_336_RMSE_12.8120.keras,12.811967184339123,6.949990884700127,11.750280576058826,17.494800441394794
relu,mse,32,1500,"[100, 100]",7,3,../results/models/modelo_337_RMSE_11.6314.keras,11.631420112301129,6.860502163217457,11.073553665713067,15.36813979529048
relu,mse,32,1500,"[100, 100]",14,3,../results/models/modelo_338_RMSE_10.4645.keras,10.464450127820747,6.880772537776283,10.775368794453597,12.84758911468771
relu,mse,32,1500,"[100, 100]",30,3,../results/models/modelo_339_RMSE_8.5907.keras,8.590680680840398,6.087356098400708,8.900798743311299,10.252768462362992
relu,mse,32,1500,"[100, 150]",3,3,../results/models/modelo_340_RMSE_11.6784.keras,11.678364879829548,6.776355776313983,11.364488419117746,15.29973934954002
relu,mse,32,1500,"[100, 150]",5,3,../results/models/modelo_341_RMSE_12.8121.keras,12.812058446196184,7.507456179927691,12.178054322157411,16.964068483688983
relu,mse,32,1500,"[100, 150]",7,3,../results/models/modelo_342_RMSE_12.7529.keras,12.75292393264676,6.862463644935172,12.302320793680364,17.013838552982293
relu,mse,32,1500,"[100, 150]",14,3,../results/models/modelo_343_RMSE_10.2897.keras,10.289736721301422,6.3471021018266764,10.417664451158817,12.993175426859523
relu,mse,32,1500,"[100, 150]",30,3,../results/models/modelo_344_RMSE_9.5328.keras,9.532805505954514,7.140497829008131,10.1764084396695,10.8663307728977
relu,mse,32,1500,"[150, 50]",3,3,../results/models/modelo_345_RMSE_13.1696.keras,13.169576502245791,7.880377962362635,12.678338687391628,17.247394210245552
relu,mse,32,1500,"[150, 50]",5,3,../results/models/modelo_346_RMSE_11.7079.keras,11.707910485365312,6.570715617703671,11.122228034498335,15.63161039752032
relu,mse,32,1500,"[150, 50]",7,3,../results/models/modelo_347_RMSE_12.5158.keras,12.51584728557165,8.402704284320738,12.039222436268371,15.949638982358307
relu,mse,32,1500,"[150, 50]",14,3,../results/models/modelo_348_RMSE_9.6039.keras,9.603903760902535,6.9992562233399065,10.068025293835717,11.24055965460596
relu,mse,32,1500,"[150, 50]",30,3,../results/models/modelo_349_RMSE_7.7428.keras,7.742849937828644,5.846789654183074,7.888787525751094,9.134399684297314
relu,mse,32,1500,"[150, 100]",3,3,../results/models/modelo_350_RMSE_12.5811.keras,12.581128065775141,7.177549104557645,11.99180590086673,16.719262253757083
relu,mse,32,1500,"[150, 100]",5,3,../results/models/modelo_351_RMSE_13.9032.keras,13.90319083883156,7.334359177481829,13.150101342988135,18.79303479025513
relu,mse,32,1500,"[150, 100]",7,3,../results/models/modelo_352_RMSE_13.0199.keras,13.019917166950762,7.135874584440044,12.23183177736067,17.550393567902404
relu,mse,32,1500,"[150, 100]",14,3,../results/models/modelo_353_RMSE_9.9679.keras,9.967929302602855,7.030926395407639,10.139089132054066,12.076580200524043
relu,mse,32,1500,"[150, 100]",30,3,../results/models/modelo_354_RMSE_8.0599.keras,8.059859797819739,5.826443753182825,8.384052574075604,9.52072662708396
relu,mse,32,1500,"[150, 150]",3,3,../results/models/modelo_355_RMSE_11.7243.keras,11.724269612228046,6.770666091638373,11.361628927794623,15.409314150969887
relu,mse,32,1500,"[150, 150]",5,3,../results/models/modelo_356_RMSE_12.2304.keras,12.230381912035561,7.783233766737775,11.838566322385514,15.748534684393093
relu,mse,32,1500,"[150, 150]",7,3,../results/models/modelo_357_RMSE_12.2169.keras,12.216888292155398,6.917731892011765,11.70442139816347,16.214456014108762
relu,mse,32,1500,"[150, 150]",14,3,../results/models/modelo_358_RMSE_11.0020.keras,11.001980060885291,7.639845608099617,11.776492155033758,12.887113229392465
relu,mse,32,1500,"[150, 150]",30,3,../results/models/modelo_359_RMSE_8.3347.keras,8.33465509102335,6.699304720309208,8.561356623276057,9.498521753014748
relu,mse,64,500,[50],3,3,../results/models/modelo_360_RMSE_15.9160.keras,15.916039610798572,8.026295267829772,15.114460974489605,21.6123252890977
relu,mse,64,500,[50],5,3,../results/models/modelo_361_RMSE_17.0729.keras,17.072892688509587,8.256382425088951,16.100429927125575,23.389298828149894
relu,mse,64,500,[50],7,3,../results/models/modelo_362_RMSE_12.9489.keras,12.948888544236656,7.640787244509163,12.74661539964103,16.797717396449126
relu,mse,64,500,[50],14,3,../results/models/modelo_363_RMSE_10.9629.keras,10.962908129868584,6.364599867958401,11.00680030746802,14.103130131432595
relu,mse,64,500,[50],30,3,../results/models/modelo_364_RMSE_8.4407.keras,8.440719071481759,6.4091003798761585,8.6866676462781,9.859130430966218
relu,mse,64,500,[100],3,3,../results/models/modelo_365_RMSE_14.8792.keras,14.879194551872976,7.788222640447562,14.09231442809655,20.122662689115995
relu,mse,64,500,[100],5,3,../results/models/modelo_366_RMSE_15.5778.keras,15.577816371374091,7.589421628706165,14.565468836007033,21.406842028421355
relu,mse,64,500,[100],7,3,../results/models/modelo_367_RMSE_12.2609.keras,12.260945382146302,7.031663893928738,11.699289095297813,16.268825481250584
relu,mse,64,500,[100],14,3,../results/models/modelo_368_RMSE_9.5972.keras,9.597178367509043,6.712359662463132,9.728813072631182,11.688110275527396
relu,mse,64,500,[100],30,3,../results/models/modelo_369_RMSE_8.1242.keras,8.124204117624235,5.733988964884801,9.116043005941947,9.056887329478265
relu,mse,64,500,[150],3,3,../results/models/modelo_370_RMSE_17.5093.keras,17.509316958115555,8.907745939401837,16.741419479618543,23.66654763808565
relu,mse,64,500,[150],5,3,../results/models/modelo_371_RMSE_13.1424.keras,13.14240514878884,6.955331481669536,12.358556815345548,17.806119080437114
relu,mse,64,500,[150],7,3,../results/models/modelo_372_RMSE_12.3755.keras,12.375546991822134,6.886074381379891,11.876609611974024,16.46179254453365
relu,mse,64,500,[150],14,3,../results/models/modelo_373_RMSE_9.6241.keras,9.62412823320125,6.341893961339735,9.922926368089882,11.797772926442232
relu,mse,64,500,[150],30,3,../results/models/modelo_374_RMSE_8.4864.keras,8.486419171751876,7.261219394583802,8.768317941815704,9.297807507739991
relu,mse,64,500,"[50, 50]",3,3,../results/models/modelo_375_RMSE_15.0899.keras,15.089933649848989,8.230735299895363,14.608955145771818,20.04873359198576
relu,mse,64,500,"[50, 50]",5,3,../results/models/modelo_376_RMSE_14.4417.keras,14.441741870650244,7.2871214415060095,13.597841979679707,19.689801404988334
relu,mse,64,500,"[50, 50]",7,3,../results/models/modelo_377_RMSE_12.7135.keras,12.71347865995554,6.7587402407256665,12.32409383520744,16.950922110930485
relu,mse,64,500,"[50, 50]",14,3,../results/models/modelo_378_RMSE_9.0936.keras,9.09355901009135,6.986455133922001,9.047111763415645,10.835942959059986
relu,mse,64,500,"[50, 50]",30,3,../results/models/modelo_379_RMSE_8.3548.keras,8.354828152667967,5.868881430695267,8.524015347863491,10.11468504124905
relu,mse,64,500,"[50, 100]",3,3,../results/models/modelo_380_RMSE_13.6688.keras,13.668825299392836,7.414740692095481,13.28798116712523,18.137296716078524
relu,mse,64,500,"[50, 100]",5,3,../results/models/modelo_381_RMSE_14.1883.keras,14.188304274719592,7.954497201435766,13.262867055690027,19.098331505959393
relu,mse,64,500,"[50, 100]",7,3,../results/models/modelo_382_RMSE_11.5373.keras,11.537341161928579,6.593971826708118,11.097442076751546,15.254410449503391
relu,mse,64,500,"[50, 100]",14,3,../results/models/modelo_383_RMSE_10.0007.keras,10.000704921443884,6.370280592003662,10.080767054030241,12.563437330559491
relu,mse,64,500,"[50, 100]",30,3,../results/models/modelo_384_RMSE_8.2283.keras,8.2282537454418,5.647303300281518,9.104852160660256,9.39798444695888
relu,mse,64,500,"[50, 150]",3,3,../results/models/modelo_385_RMSE_13.3807.keras,13.380739536345969,7.312464186137808,12.703040674582725,17.9525261945205
relu,mse,64,500,"[50, 150]",5,3,../results/models/modelo_386_RMSE_13.5430.keras,13.542957549751465,7.0077373319523515,12.67312708115302,18.45314512635769
relu,mse,64,500,"[50, 150]",7,3,../results/models/modelo_387_RMSE_12.6767.keras,12.676741330350666,8.534219919663984,12.12147092268345,16.196800465005815
relu,mse,64,500,"[50, 150]",14,3,../results/models/modelo_388_RMSE_9.1825.keras,9.182515199064614,6.35548465756788,9.72275212244962,10.864237758627079
relu,mse,64,500,"[50, 150]",30,3,../results/models/modelo_389_RMSE_8.9909.keras,8.990859315877204,5.814298443871123,9.333346329074606,11.026750818842103
relu,mse,64,500,"[100, 50]",3,3,../results/models/modelo_390_RMSE_13.0740.keras,13.073994649173674,7.559630633906601,12.496807303206266,17.305195756341416
relu,mse,64,500,"[100, 50]",5,3,../results/models/modelo_391_RMSE_13.7366.keras,13.736627643833543,7.073550867733008,13.13673082090618,18.533105474707757
relu,mse,64,500,"[100, 50]",7,3,../results/models/modelo_392_RMSE_12.4828.keras,12.482752774899689,7.285456083770658,12.193245494078912,16.300436941701015
relu,mse,64,500,"[100, 50]",14,3,../results/models/modelo_393_RMSE_8.2705.keras,8.270469250360328,5.93616458386719,8.484800653862692,9.898085307821882
relu,mse,64,500,"[100, 50]",30,3,../results/models/modelo_394_RMSE_12.8975.keras,12.897481867260053,10.104786134867927,14.204989016693062,13.96949174999278
relu,mse,64,500,"[100, 100]",3,3,../results/models/modelo_395_RMSE_13.2577.keras,13.2577160518784,7.3885669171016355,12.800362455015701,17.574438957430164
relu,mse,64,500,"[100, 100]",5,3,../results/models/modelo_396_RMSE_13.5863.keras,13.58626571297836,7.1744819958974375,12.72521399806209,18.448728543317596
relu,mse,64,500,"[100, 100]",7,3,../results/models/modelo_397_RMSE_13.3261.keras,13.326085757707038,7.889980035094326,13.04855622647786,17.327350643290675
relu,mse,64,500,"[100, 100]",14,3,../results/models/modelo_398_RMSE_9.0444.keras,9.044359711168266,6.370296858742021,9.596469066848547,10.617364415688652
relu,mse,64,500,"[100, 100]",30,3,../results/models/modelo_399_RMSE_8.4257.keras,8.425747035341905,5.7173884500810255,9.510941045254956,9.478032973950004
relu,mse,64,500,"[100, 150]",3,3,../results/models/modelo_400_RMSE_13.3079.keras,13.307877773521607,7.419517158260234,12.990805880173381,17.535351728063677
relu,mse,64,500,"[100, 150]",5,3,../results/models/modelo_401_RMSE_12.9330.keras,12.933035792595094,6.702753788470297,12.315284721673796,17.469891193504715
relu,mse,64,500,"[100, 150]",7,3,../results/models/modelo_402_RMSE_14.1461.keras,14.146097061130359,9.393761306099421,14.334229878347413,17.510662137894286
relu,mse,64,500,"[100, 150]",14,3,../results/models/modelo_403_RMSE_9.5454.keras,9.545359933399125,6.507970529254057,9.813243117342111,11.605527471197625
relu,mse,64,500,"[100, 150]",30,3,../results/models/modelo_404_RMSE_8.2753.keras,8.275340865717892,6.492014840026925,8.642641803420288,9.412878693901458
relu,mse,64,500,"[150, 50]",3,3,../results/models/modelo_405_RMSE_16.0569.keras,16.05694782827014,8.261809946914386,15.17691223679162,21.79175422119931
relu,mse,64,500,"[150, 50]",5,3,../results/models/modelo_406_RMSE_12.8274.keras,12.827436043419965,7.071505999938799,11.95218716893017,17.34267485469815
relu,mse,64,500,"[150, 50]",7,3,../results/models/modelo_407_RMSE_11.6848.keras,11.684764184774098,6.6820613180533295,11.880608466801764,14.960024771425763
relu,mse,64,500,"[150, 50]",14,3,../results/models/modelo_408_RMSE_8.8890.keras,8.889041316683452,6.4061631172702365,9.169775191955374,10.579294098995577
relu,mse,64,500,"[150, 50]",30,3,../results/models/modelo_409_RMSE_8.6343.keras,8.634302580036275,5.958398237749194,8.295843692836314,10.92382767143818
relu,mse,64,500,"[150, 100]",3,3,../results/models/modelo_410_RMSE_14.7496.keras,14.74962467687908,9.618792082441814,14.15009991327364,18.971236007322467
relu,mse,64,500,"[150, 100]",5,3,../results/models/modelo_411_RMSE_13.7927.keras,13.792658538447439,7.704244393680817,13.071113975091045,18.452720299382374
relu,mse,64,500,"[150, 100]",7,3,../results/models/modelo_412_RMSE_13.5671.keras,13.5670928235242,8.55590019726789,13.737626190625505,17.037377189796462
relu,mse,64,500,"[150, 100]",14,3,../results/models/modelo_413_RMSE_10.9400.keras,10.940023518163667,7.427746165455217,12.042522714877924,12.60391119046532
relu,mse,64,500,"[150, 100]",30,3,../results/models/modelo_414_RMSE_8.0948.keras,8.09476751571745,6.3881177125359585,8.526348608573121,9.114225962549476
relu,mse,64,500,"[150, 150]",3,3,../results/models/modelo_415_RMSE_13.2410.keras,13.240976976097711,7.403187827599481,12.556409172484912,17.705925915553507
relu,mse,64,500,"[150, 150]",5,3,../results/models/modelo_416_RMSE_15.3673.keras,15.36731557049477,8.76824281762444,14.784896403767926,20.322104215620495
relu,mse,64,500,"[150, 150]",7,3,../results/models/modelo_417_RMSE_12.7339.keras,12.733875780031237,7.399300731757549,12.308823465044078,16.739115589874835
relu,mse,64,500,"[150, 150]",14,3,../results/models/modelo_418_RMSE_8.8250.keras,8.824989168964827,6.547199217484032,8.78744025267957,10.656283484836672
relu,mse,64,500,"[150, 150]",30,3,../results/models/modelo_419_RMSE_9.0077.keras,9.007685104660304,6.358439277742591,9.430796930638973,10.679208399430566
relu,mse,64,1000,[50],3,3,../results/models/modelo_420_RMSE_14.0878.keras,14.087802587964582,7.744083177796233,13.383403877701872,18.876234308094183
relu,mse,64,1000,[50],5,3,../results/models/modelo_421_RMSE_13.1855.keras,13.185480531437651,6.787752363888723,12.487293488038647,17.87637014958223
relu,mse,64,1000,[50],7,3,../results/models/modelo_422_RMSE_13.5173.keras,13.517312149631831,6.905516408132396,12.992933681916513,18.211279491734985
relu,mse,64,1000,[50],14,3,../results/models/modelo_423_RMSE_10.2798.keras,10.27981629394513,6.616481163410294,10.886859003940785,12.438743793258608
relu,mse,64,1000,[50],30,3,../results/models/modelo_424_RMSE_8.2130.keras,8.213004590104127,5.662935125118415,8.384233338023934,9.99980651280226
relu,mse,64,1000,[100],3,3,../results/models/modelo_425_RMSE_14.9788.keras,14.978837334621579,8.249099759922347,14.653172052134735,19.7568622420805
relu,mse,64,1000,[100],5,3,../results/models/modelo_426_RMSE_13.0319.keras,13.031943484546913,7.045119154936719,12.269680097634824,17.58737897890762
relu,mse,64,1000,[100],7,3,../results/models/modelo_427_RMSE_11.8921.keras,11.892145657061207,6.7917004677331745,11.554980810363073,15.640479794910805
relu,mse,64,1000,[100],14,3,../results/models/modelo_428_RMSE_9.0355.keras,9.035540500408926,6.07885097071422,9.330532452393843,10.995986151058139
relu,mse,64,1000,[100],30,3,../results/models/modelo_429_RMSE_8.0080.keras,8.00795236465743,6.0322773676603045,8.230003617749142,9.39470986435009
relu,mse,64,1000,[150],3,3,../results/models/modelo_430_RMSE_13.7559.keras,13.755863628613223,7.51725162935943,13.2533534763176,18.316956681711225
relu,mse,64,1000,[150],5,3,../results/models/modelo_431_RMSE_13.8261.keras,13.826108520923198,7.218940726561699,13.077344848943586,18.71773963343953
relu,mse,64,1000,[150],7,3,../results/models/modelo_432_RMSE_12.9389.keras,12.93887293480643,7.151976534728077,12.642967468072976,17.065986749003017
relu,mse,64,1000,[150],14,3,../results/models/modelo_433_RMSE_9.2436.keras,9.24361082252798,6.28757925562119,9.304609999346638,11.411555677444243
relu,mse,64,1000,[150],30,3,../results/models/modelo_434_RMSE_8.2405.keras,8.24048209186269,6.526369897650492,8.281905130395929,9.619416754101685
relu,mse,64,1000,"[50, 50]",3,3,../results/models/modelo_435_RMSE_13.9123.keras,13.91231906719134,7.908624161139063,13.382868510665487,18.412233970545046
relu,mse,64,1000,"[50, 50]",5,3,../results/models/modelo_436_RMSE_11.9802.keras,11.980217352137904,6.782903949414039,11.515991587397076,15.87296365476283
relu,mse,64,1000,"[50, 50]",7,3,../results/models/modelo_437_RMSE_12.3222.keras,12.322192501683446,6.736611392324047,11.76530946790806,16.483471849667907
relu,mse,64,1000,"[50, 50]",14,3,../results/models/modelo_438_RMSE_9.8795.keras,9.879455331678143,6.7664778931104115,10.079534383098295,12.059381264967875
relu,mse,64,1000,"[50, 50]",30,3,../results/models/modelo_439_RMSE_7.6850.keras,7.684952824837412,6.161081408216184,7.9524556512940086,8.716365340866817
relu,mse,64,1000,"[50, 100]",3,3,../results/models/modelo_440_RMSE_12.4642.keras,12.464186404095821,7.297206104964919,11.92359524146544,16.451336958664072
relu,mse,64,1000,"[50, 100]",5,3,../results/models/modelo_441_RMSE_14.4129.keras,14.41289708079854,7.540724253831667,13.870236275143993,19.33775659647281
relu,mse,64,1000,"[50, 100]",7,3,../results/models/modelo_442_RMSE_14.4202.keras,14.420219929419778,8.532023394661827,13.546538342781588,19.170918187687246
relu,mse,64,1000,"[50, 100]",14,3,../results/models/modelo_443_RMSE_9.4608.keras,9.460819184416534,6.656416197019053,9.567454206920514,11.518560775166899
relu,mse,64,1000,"[50, 100]",30,3,../results/models/modelo_444_RMSE_8.4871.keras,8.487106006794695,6.285323364477744,8.637381224578958,10.098676195271963
relu,mse,64,1000,"[50, 150]",3,3,../results/models/modelo_445_RMSE_13.0913.keras,13.09134166310368,7.730396560137867,12.522435933474299,17.250485411587213
relu,mse,64,1000,"[50, 150]",5,3,../results/models/modelo_446_RMSE_13.2072.keras,13.207159580122905,7.049549059655074,11.975512458593508,18.170804933576402
relu,mse,64,1000,"[50, 150]",7,3,../results/models/modelo_447_RMSE_11.8670.keras,11.866959563095156,6.434174638771039,11.347636678480097,15.884165900273624
relu,mse,64,1000,"[50, 150]",14,3,../results/models/modelo_448_RMSE_8.7472.keras,8.747181345939014,5.928597904446553,8.98297534358799,10.662899481853549
relu,mse,64,1000,"[50, 150]",30,3,../results/models/modelo_449_RMSE_8.7737.keras,8.773702331164445,6.5891467493126195,9.064560502025873,10.264036526083508
relu,mse,64,1000,"[100, 50]",3,3,../results/models/modelo_450_RMSE_12.8268.keras,12.826827706164313,8.22970603222984,12.443797294397687,16.462271244572975
relu,mse,64,1000,"[100, 50]",5,3,../results/models/modelo_451_RMSE_13.6383.keras,13.638272331426228,7.927104804804302,13.112539481024065,17.97859099959372
relu,mse,64,1000,"[100, 50]",7,3,../results/models/modelo_452_RMSE_13.4645.keras,13.464509744535805,8.929522832278062,13.220994537119763,17.01023202132684
relu,mse,64,1000,"[100, 50]",14,3,../results/models/modelo_453_RMSE_9.0939.keras,9.093949502298164,6.45942173809115,9.236118343495264,11.003169607230143
relu,mse,64,1000,"[100, 50]",30,3,../results/models/modelo_454_RMSE_8.4501.keras,8.450114792689629,6.265110811094149,8.17179751126349,10.401126476902174
relu,mse,64,1000,"[100, 100]",3,3,../results/models/modelo_455_RMSE_12.5970.keras,12.597014473653202,7.013300655668899,11.992650186223,16.823919768364455
relu,mse,64,1000,"[100, 100]",5,3,../results/models/modelo_456_RMSE_12.9159.keras,12.915897680896336,7.16251862961892,12.158405716212323,17.35893821725532
relu,mse,64,1000,"[100, 100]",7,3,../results/models/modelo_457_RMSE_11.8309.keras,11.830917513237337,6.692694759556816,11.597101538305424,15.512153312184369
relu,mse,64,1000,"[100, 100]",14,3,../results/models/modelo_458_RMSE_8.9529.keras,8.95292824250379,6.480825390120973,9.05932306274113,10.788528178297355
relu,mse,64,1000,"[100, 100]",30,3,../results/models/modelo_459_RMSE_7.5137.keras,7.513656665839469,5.499975832793864,7.7198936806983,8.917321171391082
relu,mse,64,1000,"[100, 150]",3,3,../results/models/modelo_460_RMSE_12.7102.keras,12.710197687225058,7.141646647065094,12.05912001798007,16.977098789411567
relu,mse,64,1000,"[100, 150]",5,3,../results/models/modelo_461_RMSE_14.6603.keras,14.660346000346369,7.475327394465124,13.67397619706347,20.04791983865948
relu,mse,64,1000,"[100, 150]",7,3,../results/models/modelo_462_RMSE_11.7308.keras,11.730829928692987,6.672376425107732,11.519708082934361,15.349685044762333
relu,mse,64,1000,"[100, 150]",14,3,../results/models/modelo_463_RMSE_9.1939.keras,9.193880833616374,6.58945750524142,9.46154443028111,10.98364971804226
relu,mse,64,1000,"[100, 150]",30,3,../results/models/modelo_464_RMSE_8.7795.keras,8.779495977897653,6.829373344805615,8.862354901094678,10.298396681137547
relu,mse,64,1000,"[150, 50]",3,3,../results/models/modelo_465_RMSE_14.2104.keras,14.210377561719207,7.845951967730064,13.554365329029478,18.98748823797173
relu,mse,64,1000,"[150, 50]",5,3,../results/models/modelo_466_RMSE_12.9487.keras,12.948669327626858,6.813141360138715,12.099202859602922,17.612339624184447
relu,mse,64,1000,"[150, 50]",7,3,../results/models/modelo_467_RMSE_10.8607.keras,10.860738317591897,6.609072255323307,10.569688238543138,14.087894266835804
relu,mse,64,1000,"[150, 50]",14,3,../results/models/modelo_468_RMSE_8.9081.keras,8.90805140283998,6.206748514664559,9.210604727384332,10.709863342662802
relu,mse,64,1000,"[150, 50]",30,3,../results/models/modelo_469_RMSE_9.8245.keras,9.824535188180498,7.705658491858332,8.792746711201712,12.36425927708139
relu,mse,64,1000,"[150, 100]",3,3,../results/models/modelo_470_RMSE_13.3595.keras,13.359524250258175,7.2922031927687625,12.81885339335032,17.830631925281637
relu,mse,64,1000,"[150, 100]",5,3,../results/models/modelo_471_RMSE_13.4889.keras,13.488891453704397,6.992262748210832,12.349629526277855,18.559242715507782
relu,mse,64,1000,"[150, 100]",7,3,../results/models/modelo_472_RMSE_12.4458.keras,12.445820446517649,8.261529867387235,12.263593999218239,15.685876648548447
relu,mse,64,1000,"[150, 100]",14,3,../results/models/modelo_473_RMSE_9.2085.keras,9.208476523944986,6.019239925736573,9.318395279770142,11.4596849783279
relu,mse,64,1000,"[150, 100]",30,3,../results/models/modelo_474_RMSE_8.2762.keras,8.276210571863318,6.330548692739805,8.280335953805729,9.841096180326103
relu,mse,64,1000,"[150, 150]",3,3,../results/models/modelo_475_RMSE_12.9035.keras,12.903520483194864,7.0488018675711235,12.255031737005845,17.30985591902468
relu,mse,64,1000,"[150, 150]",5,3,../results/models/modelo_476_RMSE_13.8383.keras,13.838287537843854,8.16601064957256,12.938445147988372,18.45013585759459
relu,mse,64,1000,"[150, 150]",7,3,../results/models/modelo_477_RMSE_12.1604.keras,12.16042614784669,7.124867793382929,11.744683267153734,15.966419954791174
relu,mse,64,1000,"[150, 150]",14,3,../results/models/modelo_478_RMSE_10.0117.keras,10.011699616860628,7.478299161836691,10.534921599168342,11.566886192929818
relu,mse,64,1000,"[150, 150]",30,3,../results/models/modelo_479_RMSE_11.9647.keras,11.964735695326405,9.9397865450108,13.610703253920901,12.058776934265879
relu,mse,64,1500,[50],3,3,../results/models/modelo_480_RMSE_14.5780.keras,14.57797980270512,7.515663486742438,13.90263298426616,19.692234099844413
relu,mse,64,1500,[50],5,3,../results/models/modelo_481_RMSE_12.6941.keras,12.694127545344967,6.826900114514624,11.86912441196576,17.20290507246307
relu,mse,64,1500,[50],7,3,../results/models/modelo_482_RMSE_12.5928.keras,12.592775311011158,7.010708695511765,12.02333769488088,16.79354889123704
relu,mse,64,1500,[50],14,3,../results/models/modelo_483_RMSE_9.2795.keras,9.279499415807555,6.73987066484382,9.419185133218807,11.143627015978486
relu,mse,64,1500,[50],30,3,../results/models/modelo_484_RMSE_7.8227.keras,7.822719689351077,5.754530157450475,7.961886809686745,9.331589956229983
relu,mse,64,1500,[100],3,3,../results/models/modelo_485_RMSE_13.7865.keras,13.786548799046816,7.511354864893968,13.245186046020219,18.39433005209602
relu,mse,64,1500,[100],5,3,../results/models/modelo_486_RMSE_14.0678.keras,14.067783926224624,7.499070452766971,13.232835650539782,19.035851354091637
relu,mse,64,1500,[100],7,3,../results/models/modelo_487_RMSE_12.0997.keras,12.099724735740034,7.21111065297704,11.987116902444566,15.60509300067406
relu,mse,64,1500,[100],14,3,../results/models/modelo_488_RMSE_8.6943.keras,8.694301385894612,5.946496839809041,8.738586100162308,10.726085869062308
relu,mse,64,1500,[100],30,3,../results/models/modelo_489_RMSE_7.7806.keras,7.780583511566668,5.52347402571523,7.983069103461497,9.347421126599414
relu,mse,64,1500,[150],3,3,../results/models/modelo_490_RMSE_13.1040.keras,13.103987904669024,7.484528752044739,12.6496231871725,17.294865122327483
relu,mse,64,1500,[150],5,3,../results/models/modelo_491_RMSE_15.4356.keras,15.435553775040303,8.82004392702661,14.752321498377002,20.47790996562705
relu,mse,64,1500,[150],7,3,../results/models/modelo_492_RMSE_11.8580.keras,11.85803915003152,6.526247316154044,11.230341303162037,15.909959385049532
relu,mse,64,1500,[150],14,3,../results/models/modelo_493_RMSE_9.0083.keras,9.008336584066575,6.317544670955205,9.276683832009509,10.838918324579964
relu,mse,64,1500,[150],30,3,../results/models/modelo_494_RMSE_10.0060.keras,10.005987350270063,7.950478668940069,10.336718011995481,11.414968166250423
relu,mse,64,1500,"[50, 50]",3,3,../results/models/modelo_495_RMSE_13.4794.keras,13.479439852294329,7.224533543330984,12.82070009226423,18.12516649359016
relu,mse,64,1500,"[50, 50]",5,3,../results/models/modelo_496_RMSE_14.5826.keras,14.582592616085078,7.100218667648697,13.495952330796186,20.134601753611776
relu,mse,64,1500,"[50, 50]",7,3,../results/models/modelo_497_RMSE_11.7162.keras,11.716175366773673,6.59075995652239,11.061727917574961,15.68458970926644
relu,mse,64,1500,"[50, 50]",14,3,../results/models/modelo_498_RMSE_9.7799.keras,9.77985060868292,6.442349552492369,9.691723009997833,12.308658380402278
relu,mse,64,1500,"[50, 50]",30,3,../results/models/modelo_499_RMSE_8.0535.keras,8.053541944893537,6.059001078941197,8.138989609999467,9.57204093326961
relu,mse,64,1500,"[50, 100]",3,3,../results/models/modelo_500_RMSE_12.7487.keras,12.748721370318352,7.309477832989827,12.37618981904616,16.762790612126736
relu,mse,64,1500,"[50, 100]",5,3,../results/models/modelo_501_RMSE_11.8425.keras,11.842523729602007,6.813361053509831,11.291673122442146,15.710262063663764
relu,mse,64,1500,"[50, 100]",7,3,../results/models/modelo_502_RMSE_12.1591.keras,12.159056267682978,7.247544297082462,11.812698584748842,15.857528236447907
relu,mse,64,1500,"[50, 100]",14,3,../results/models/modelo_503_RMSE_8.9963.keras,8.9963419977069,6.769413591187605,9.07505162587533,10.7061190745413
relu,mse,64,1500,"[50, 100]",30,3,../results/models/modelo_504_RMSE_8.1075.keras,8.107475247540785,5.984840457872447,8.300426933743601,9.616551465044848
relu,mse,64,1500,"[50, 150]",3,3,../results/models/modelo_505_RMSE_13.9194.keras,13.919358968373938,7.864093541068758,13.314919871312828,18.496340283126173
relu,mse,64,1500,"[50, 150]",5,3,../results/models/modelo_506_RMSE_12.3256.keras,12.325644513270312,7.3013892090370405,11.63193353792055,16.344796596779304
relu,mse,64,1500,"[50, 150]",7,3,../results/models/modelo_507_RMSE_11.3444.keras,11.344441594287863,6.8390016516688386,11.160906262732503,14.65439500837871
relu,mse,64,1500,"[50, 150]",14,3,../results/models/modelo_508_RMSE_11.0536.keras,11.05360548417693,8.644846533908705,11.226253514214829,12.875730776900575
relu,mse,64,1500,"[50, 150]",30,3,../results/models/modelo_509_RMSE_8.5753.keras,8.575292392321055,6.086956140671378,8.679299135900902,10.403155785264914
relu,mse,64,1500,"[100, 50]",3,3,../results/models/modelo_510_RMSE_14.3153.keras,14.315313612899471,7.808111497906794,13.781405233008295,19.07592399195547
relu,mse,64,1500,"[100, 50]",5,3,../results/models/modelo_511_RMSE_13.4345.keras,13.434524864947656,7.363268389270732,12.46817593812338,18.215000478843194
relu,mse,64,1500,"[100, 50]",7,3,../results/models/modelo_512_RMSE_13.4068.keras,13.40682692523317,8.121305933578965,13.39598913985457,17.141204435732764
relu,mse,64,1500,"[100, 50]",14,3,../results/models/modelo_513_RMSE_9.2437.keras,9.24371074752593,6.1680137299545175,9.386253610324262,11.410189084390597
relu,mse,64,1500,"[100, 50]",30,3,../results/models/modelo_514_RMSE_7.6093.keras,7.60930057607068,6.015147308985007,7.800800729820175,8.756133655661964
relu,mse,64,1500,"[100, 100]",3,3,../results/models/modelo_515_RMSE_12.6207.keras,12.620742752462268,7.303461148911209,12.176194898902075,16.62074534735978
relu,mse,64,1500,"[100, 100]",5,3,../results/models/modelo_516_RMSE_12.0609.keras,12.060915309842972,6.927537930656629,11.495356217762291,16.008217826469057
relu,mse,64,1500,"[100, 100]",7,3,../results/models/modelo_517_RMSE_11.2283.keras,11.228266809338765,6.862704888086667,10.857114844587656,14.603022478088603
relu,mse,64,1500,"[100, 100]",14,3,../results/models/modelo_518_RMSE_9.8802.keras,9.880161315661546,7.127472991055719,9.8531644408641,12.040226000102626
relu,mse,64,1500,"[100, 100]",30,3,../results/models/modelo_519_RMSE_7.5326.keras,7.53259522040725,5.426252576379622,7.885946450087593,8.864964964803347
relu,mse,64,1500,"[100, 150]",3,3,../results/models/modelo_520_RMSE_12.3090.keras,12.30902161351514,6.933413402885074,11.960102944704397,16.230211193410735
relu,mse,64,1500,"[100, 150]",5,3,../results/models/modelo_521_RMSE_12.8181.keras,12.818090001264679,7.922148787583857,12.341959271503413,16.668110083914716
relu,mse,64,1500,"[100, 150]",7,3,../results/models/modelo_522_RMSE_11.0016.keras,11.001575273608234,6.533840714257278,10.697788920486055,14.351662385802003
relu,mse,64,1500,"[100, 150]",14,3,../results/models/modelo_523_RMSE_9.2499.keras,9.249859079096902,6.4287784374403545,9.547131383719782,11.144629607741532
relu,mse,64,1500,"[100, 150]",30,3,../results/models/modelo_524_RMSE_7.9203.keras,7.92026657256617,5.848623224092777,8.09102599204877,9.40854784332423
relu,mse,64,1500,"[150, 50]",3,3,../results/models/modelo_525_RMSE_12.8428.keras,12.84282403747657,7.590088284040687,12.511971426918727,16.752776445270072
relu,mse,64,1500,"[150, 50]",5,3,../results/models/modelo_526_RMSE_12.0469.keras,12.04686408839741,6.629741408664286,11.340753025365215,16.21155923299389
relu,mse,64,1500,"[150, 50]",7,3,../results/models/modelo_527_RMSE_12.2573.keras,12.25734337964159,6.962812471894957,11.840356492594225,16.18803881848682
relu,mse,64,1500,"[150, 50]",14,3,../results/models/modelo_528_RMSE_9.1902.keras,9.190234963086228,6.159389925787672,9.546239821781993,11.149550530731124
relu,mse,64,1500,"[150, 50]",30,3,../results/models/modelo_529_RMSE_8.2602.keras,8.260174809160988,6.034466079907648,8.719647567583989,9.60439634028417
relu,mse,64,1500,"[150, 100]",3,3,../results/models/modelo_530_RMSE_12.6985.keras,12.698450133899817,7.298319581524519,12.31249729146469,16.699965543168986
relu,mse,64,1500,"[150, 100]",5,3,../results/models/modelo_531_RMSE_12.3615.keras,12.36146255447809,7.090842413171578,11.58500512767018,16.5506761046404
relu,mse,64,1500,"[150, 100]",7,3,../results/models/modelo_532_RMSE_11.7260.keras,11.726035114064336,6.566592403740734,11.42830778513835,15.452292511471887
relu,mse,64,1500,"[150, 100]",14,3,../results/models/modelo_533_RMSE_10.1599.keras,10.159865554309434,6.704161077860224,10.63457330304003,12.313759748724287
relu,mse,64,1500,"[150, 100]",30,3,../results/models/modelo_534_RMSE_8.1313.keras,8.131273280798125,5.734511923548874,8.425492244008382,9.720044698760123
relu,mse,64,1500,"[150, 150]",3,3,../results/models/modelo_535_RMSE_12.8892.keras,12.889150483344576,7.598011846381028,12.375167503941482,16.956298115406845
relu,mse,64,1500,"[150, 150]",5,3,../results/models/modelo_536_RMSE_13.3543.keras,13.354307167768832,7.7178490032625495,12.468185856566294,17.888312050116
relu,mse,64,1500,"[150, 150]",7,3,../results/models/modelo_537_RMSE_12.0876.keras,12.087550165365185,6.770429892938814,11.466219240748059,16.15591849411725
relu,mse,64,1500,"[150, 150]",14,3,../results/models/modelo_538_RMSE_9.7160.keras,9.716029331780224,7.428227664018531,10.17904445219939,11.154020160448864
relu,mse,64,1500,"[150, 150]",30,3,../results/models/modelo_539_RMSE_8.3864.keras,8.386365817125071,6.538589647993493,8.592076481344566,9.716813367036002
